{
    "Positive": {
        "precision": 0.894328077194634,
        "recall": 0.91478093403948,
        "f1-score": 0.9044388908723076,
        "support": 4154.0
    },
    "Neutral": {
        "precision": 0.8857827476038339,
        "recall": 0.9132583035959374,
        "f1-score": 0.8993107176645493,
        "support": 3643.0
    },
    "Negative": {
        "precision": 0.9335910848305663,
        "recall": 0.9142538975501113,
        "f1-score": 0.9238213120288061,
        "support": 4490.0
    },
    "Irrelevant": {
        "precision": 0.912621359223301,
        "recall": 0.8720525705450328,
        "f1-score": 0.8918758647954141,
        "support": 2587.0
    },
    "accuracy": 0.9068172650262203,
    "macro avg": {
        "precision": 0.9065808172130838,
        "recall": 0.9035864264326403,
        "f1-score": 0.9048616963402693,
        "support": 14874.0
    },
    "weighted avg": {
        "precision": 0.9072691145211241,
        "recall": 0.9068172650262203,
        "f1-score": 0.9068487730516737,
        "support": 14874.0
    }
}