{
    "eval_loss": 0.41553306579589844,
    "eval_accuracy": 0.9068172650262203,
    "eval_f1": 0.9068487730516737,
    "eval_runtime": 14.8462,
    "eval_samples_per_second": 1001.874,
    "eval_steps_per_second": 31.321,
    "epoch": 5.997042215649368
}